episode,input_fidelity,samples,legacy_force_norm_mean_n,current_force_norm_mean_n,delta_force_norm_mean_n,delta_percent_force_norm_mean_n,legacy_force_norm_rmse_n,current_force_norm_rmse_n,delta_force_norm_rmse_n,delta_percent_force_norm_rmse_n,legacy_force_norm_p95_n,current_force_norm_p95_n,delta_force_norm_p95_n,delta_percent_force_norm_p95_n,legacy_force_norm_p99_n,current_force_norm_p99_n,delta_force_norm_p99_n,delta_percent_force_norm_p99_n,legacy_force_norm_max_n,current_force_norm_max_n,delta_force_norm_max_n,delta_percent_force_norm_max_n,legacy_force_within_1n_fraction,current_force_within_1n_fraction,delta_force_within_1n_fraction,delta_percent_force_within_1n_fraction,legacy_force_within_2n_fraction,current_force_within_2n_fraction,delta_force_within_2n_fraction,delta_percent_force_within_2n_fraction
episode_000,high_rate_observer_log,3813,1.5038245358445985,0.7277359777579385,-0.77608855808666,-51.60765365826289,1.6882752872552897,0.8285902811782382,-0.8596850060770516,-50.92090209261327,2.952599159843664,1.4495580423690708,-1.503041117474593,-50.905694816839855,3.206630598723122,2.0070316930950387,-1.1995989056280831,-37.409950061156486,3.8896128766285933,3.8336038763570484,-0.056009000271544984,-1.439963360057878,0.3259900340938893,0.8090742197744558,0.4830841856805665,148.18986323411104,0.7096774193548387,0.989771833202203,0.2800944138473642,39.46784922394678
episode_001,high_rate_observer_log,3540,1.5939069945056277,0.672218812994061,-0.9216881815115666,-57.82571910962979,1.7620081011894035,0.7877937712806795,-0.974214329908724,-55.290002880866595,2.812317981947844,1.4481895942818854,-1.3641283876659587,-48.50548182752604,3.2583510536813187,2.048564515232505,-1.2097865384488138,-37.12879669862412,3.4703344741185345,2.8958252245792164,-0.574509249539318,-16.554866795231415,0.22768361581920904,0.8090395480225989,0.5813559322033899,255.33498759305215,0.6946327683615819,0.9892655367231639,0.2946327683615819,42.415616104107364
episode_002,high_rate_observer_log,3457,1.4790282705677167,0.7249842931293152,-0.7540439774384015,-50.98239110392163,1.6579493589977836,0.8284246711351446,-0.829524687862639,-50.03317401468038,3.021447879497481,1.5365771762122173,-1.4848707032852635,-49.14434279542242,3.530961238537153,1.9850457808218789,-1.5459154577152743,-43.78171702490095,4.008159180581472,3.9887752015559137,-0.019383979025557885,-0.4836130041807824,0.3190627711888921,0.8137113103847267,0.49464853919583457,155.03173164097916,0.8067688747468904,0.9901648828463986,0.18339600809950818,22.732162065256354
episode_003,high_rate_observer_log,4416,1.6183578732008148,0.7809670401546778,-0.837390833046137,-51.74324214148825,1.7714335163344623,1.0223118977543526,-0.7491216185801097,-42.289005580645735,3.130012011241986,1.8954581183076216,-1.2345538929343642,-39.44246502889599,3.5947193500851204,3.9564641993021588,0.3617448492170383,10.06322925344568,3.995425975258315,5.618286149536395,1.6228601742780802,40.617951235428855,0.20833333333333334,0.785552536231884,0.5772192028985507,277.0652173913043,0.7413949275362319,0.9599184782608695,0.21852355072463758,29.47464874770921
episode_004,high_rate_observer_log,3056,1.5663748406671751,0.8091358435091889,-0.7572389971579863,-48.34340909328262,1.7470443090145513,1.005410006917745,-0.7416343020968064,-42.45080094821048,3.05286818603245,1.716344044355599,-1.336524141676851,-43.77929410092928,3.372824148686125,2.6105848885666205,-0.7622392601195043,-22.59943674847183,3.68261522506373,7.39626973896121,3.7136545138974797,100.84285994970361,0.2601439790575916,0.743455497382199,0.48331151832460734,185.78616352201257,0.7195680628272252,0.974476439790576,0.2549083769633508,35.42519326966803
episode_005,high_rate_observer_log,2730,2.350832564925145,0.722492337341006,-1.6283402275841388,-69.26653356258863,2.4157832614864185,0.7955046348089966,-1.6202786266774218,-67.07052956731197,3.1385611242591445,1.3826509193820804,-1.755910204877064,-55.94634405253285,3.3130898621712648,1.6983831434377497,-1.6147067187335151,-48.737184498681295,3.5785611316601305,2.2829584389553434,-1.295602692704787,-36.20457063713046,0.005494505494505495,0.8131868131868132,0.8076923076923077,14700.0,0.29853479853479853,0.9985347985347985,0.7,234.47852760736197
episode_006,high_rate_observer_log,2541,2.348605964263762,0.7285536628935453,-1.6200523013702166,-68.97931479442822,2.465506998558759,0.8188345763835799,-1.6466724221751794,-66.78838969582164,3.544261607833583,1.4446032277610887,-2.099658380072494,-59.241066614038765,3.806959488651345,2.0396892555515063,-1.7672702330998389,-46.422091917923524,4.012899749532659,2.97869983162553,-1.034199917907129,-25.771885231560336,0.018890200708382526,0.820543093270366,0.8016528925619835,4243.75,0.29634002361275086,0.9885871704053523,0.6922471467926015,233.5989375830014
episode_007,high_rate_observer_log,3075,2.18771099082394,0.75797844130794,-1.4297325495159998,-65.35289878383485,2.3056357211846326,0.8386888994282415,-1.466946821756391,-63.62439687578556,3.413303960126672,1.4761064063860958,-1.9371975537405761,-56.754322977690045,3.6257275487287663,1.8174550834634018,-1.8082724652653646,-49.87336861258016,3.976630678237693,2.641294314615787,-1.3353363636219058,-33.57959216402971,0.053983739837398376,0.7834146341463415,0.7294308943089431,1351.2048192771085,0.3642276422764228,0.9960975609756098,0.631869918699187,173.48214285714283
episode_008,high_rate_observer_log,3506,2.457868199713963,0.8609769356864776,-1.5968912640274855,-64.97058158827741,2.51002568174152,0.9544710171679744,-1.5555546645735454,-61.97365532508265,3.2758030025728617,1.6607907831877031,-1.6150122193851586,-49.30126195368602,3.7071478320699254,2.179545444979011,-1.5276023870909143,-41.20694550877841,4.0022936159564875,2.9867120380447374,-1.01558157791175,-25.37498932768933,0.0,0.7067883628066173,0.7067883628066173,,0.1982316029663434,0.9831717056474615,0.784940102681118,395.9712230215828
episode_009,high_rate_observer_log,2537,2.571925354214659,0.8877703772012401,-1.684154977013419,-65.4822650374967,2.6255782085129846,0.9828485553821523,-1.6427296531308322,-62.566395767780385,3.3194446330920115,1.7057130993475116,-1.6137315337445,-48.61450369308717,3.699294101904505,2.1239732650332415,-1.5753208368712635,-42.58436321838381,3.850015760909432,2.8096595498952293,-1.0403562110142026,-27.02212862548009,0.0,0.675601103665747,0.675601103665747,,0.15057154119038235,0.9826566811194324,0.8320851399290501,552.6178010471205
episode_010,high_rate_observer_log,2505,2.55490954028402,0.8961924638343769,-1.6587170764496433,-64.92273210836457,2.597106566461219,0.9903933306036502,-1.6067132358575686,-61.86551051106284,3.262624634985712,1.7425878307577873,-1.5200368042279249,-46.589386591650666,3.5471946954334985,2.177482219071704,-1.3697124763617947,-38.61396382118811,3.9082613451569506,3.0130511211505278,-0.8952102240064228,-22.90558754766366,0.00998003992015968,0.6802395209580838,0.6702594810379241,6716.0,0.07944111776447106,0.9792415169660679,0.8998003992015968,1132.6633165829146
episode_011,high_rate_observer_log,3186,2.402372685775341,0.8904537952637948,-1.5119188905115464,-62.934402287528094,2.478576048662273,0.9788482753924562,-1.499727773269817,-60.507635990400374,3.1544942876366417,1.654915968264386,-1.4995783193722558,-47.53783594567056,3.383176593128523,2.1181426503333194,-1.2650339427952035,-37.391898057127115,3.8731931870549325,2.683182032862637,-1.1900111541922955,-30.724291217117074,0.020087884494664157,0.6716886377903327,0.6516007532956686,3243.7499999999995,0.22159447583176398,0.9808537350910232,0.7592592592592593,342.63456090651556
episode_012,high_rate_observer_log,2249,2.5546672339745427,0.9048182878103106,-1.649848946164232,-64.58175547182334,2.60574455405,0.9848527117254975,-1.6208918423245027,-62.20455645988852,3.4813243111473717,1.6809083036595658,-1.800416007487806,-51.71641153117465,3.6315068093067713,2.159471630648779,-1.4720351786579924,-40.535107214599805,3.9385349587393437,2.797095125708798,-1.1414398330305455,-28.98133049442071,0.0,0.691418408181414,0.691418408181414,,0.16140506891951978,0.9813250333481547,0.8199199644286349,507.9889807162535
episode_013,high_rate_observer_log,2686,2.018621188567265,0.8643090129261142,-1.1543121756411507,-57.18319921433275,2.1701772245060584,0.922848934764258,-1.2473282897418003,-57.47587227700713,3.167484405498718,1.4672344572956963,-1.7002499482030218,-53.67824211703794,3.3149884847599314,1.7386228771395675,-1.5763656076203638,-47.55267219984092,3.441999789591154,2.378916266048932,-1.0630835235422218,-30.88563592470459,0.11839166046165302,0.7069992553983618,0.5886075949367088,497.1698113207546,0.5063291139240507,0.9973938942665674,0.49106478034251677,96.98529411764706
episode_014,high_rate_observer_log,2935,1.7586347986838589,0.8519597204865131,-0.9066750781973457,-51.55562023882903,1.8911312077023767,0.9314638263540741,-0.9596673813483027,-50.745679487477084,2.808172759663483,1.619351548819088,-1.1888212108443952,-42.334333126529486,3.171869851018162,2.0281159257598267,-1.1437539252583355,-36.059295588411146,3.7108301304318467,2.6081660511002687,-1.102664079331578,-29.71475493552856,0.15877342419080068,0.7427597955706985,0.5839863713798978,367.81115879828326,0.6115843270868825,0.9890971039182282,0.37751277683134576,61.72701949860723
episode_015,high_rate_observer_log,2750,2.023808070078206,0.9324684596668105,-1.0913396104113957,-53.925054778995076,2.1369252496055897,1.0323177038028049,-1.1046075458027849,-51.691445267290526,3.2261121217397277,1.824744899216513,-1.4013672225232148,-43.43826778616445,3.3801589569212593,2.198448021880524,-1.1817109350407353,-34.96021785073297,3.7057150639595617,2.7522857370140885,-0.9534293269454732,-25.728619456422336,0.06290909090909091,0.6516363636363637,0.5887272727272728,935.8381502890173,0.5309090909090909,0.9767272727272728,0.4458181818181819,83.97260273972606
episode_016,high_rate_observer_log,2940,1.8760906834631361,0.9307478337294713,-0.9453428497336648,-50.3889741613463,1.9811394838513159,1.0221595198995739,-0.958979963951742,-48.40547431256553,3.079613660550896,1.8192229635121329,-1.260390697038763,-40.92690954011739,3.2983395535853233,2.2058347284680813,-1.092504825117242,-33.122873111401766,3.48922905191578,2.7392823488793536,-0.7499467030364264,-21.49319210284186,0.07551020408163266,0.6659863945578232,0.5904761904761905,781.981981981982,0.5816326530612245,0.9768707482993197,0.3952380952380953,67.953216374269
episode_017,high_rate_observer_log,3041,1.6857743265260459,0.8738319931652023,-0.8119423333608435,-48.164355132519496,1.782319774190084,0.9562792762638326,-0.8260404979262514,-46.34636892258114,2.6614317694591785,1.6162232910402339,-1.0452084784189446,-39.27241308280236,3.017581906559959,1.9929130675101465,-1.0246688390498124,-33.956620591549544,3.3627860072546674,2.684014354847441,-0.6787716524072263,-20.18480066655702,0.11871095034528116,0.6872739230516277,0.5685629727063466,478.9473684210526,0.7129233804669517,0.9901348240710293,0.27721144360407757,38.88376383763837
episode_018,high_rate_observer_log,3784,2.058862195292761,0.762311581670837,-1.296550613621924,-62.974132828620924,2.143875461861996,0.8532649437654474,-1.2906105180965488,-60.19988292489851,3.0382453116322092,1.5180510393937445,-1.5201942722384647,-50.03527089857614,3.255125737499349,2.0727218411638737,-1.1824038963354755,-36.32436936963981,3.737662622053771,3.4149446480506036,-0.3227179740031674,-8.634218939371266,0.03964059196617336,0.7991543340380549,0.7595137420718816,1916.0000000000002,0.4371035940803383,0.9878435517970402,0.5507399577167019,125.99758162031439
episode_019,high_rate_observer_log,3079,1.7803768596737763,0.9100705804827652,-0.8703062791910111,-48.88326167924244,1.8567348069654448,1.036655930212889,-0.8200788767525558,-44.167797882393984,2.6545257195935537,1.84421694324302,-0.8103087763505337,-30.52555755514035,3.007241950658651,2.4543664469896673,-0.5528755036689836,-18.3848028439445,3.426172918099342,5.354929174204135,1.9287562561047928,56.29477268691867,0.08671646638519,0.6732705423838908,0.5865540759987008,676.4044943820224,0.6258525495290679,0.966222799610263,0.34037025008119515,54.385054488842755
episode_020,high_rate_observer_log,3731,1.8785908034822925,0.8188268175223206,-1.059763985959972,-56.412710207859874,2.031769214753495,0.9029040048441669,-1.1288652099093284,-55.5607005811577,3.4881810677448915,1.5764881213422433,-1.9116929464026482,-54.80486560975911,3.831379594812139,1.8856268994801786,-1.9457526953319606,-50.78464942410294,4.005535287942076,2.344830901142834,-1.6607043867992415,-41.46023608376352,0.08415974269632806,0.7333154650227821,0.649155722326454,771.3375796178344,0.633342267488609,0.9949075314928973,0.36156526400428834,57.08844688954717
episode_021,high_rate_observer_log,3022,2.0813417228307207,0.9213189401097293,-1.1600227827209915,-55.7343741297468,2.2218719076204017,1.0328959128003983,-1.1889759948200034,-53.51235553868551,3.2486492105877516,1.8206753065302819,-1.4279739040574697,-43.955927879302116,3.6117609678095017,2.472609563372621,-1.139151404436881,-31.540055241467577,3.881470494230613,3.8990238051226345,0.01755331089202139,0.4522335263945067,0.09066843150231635,0.6624751819986764,0.57180675049636,630.6569343065693,0.4818001323626737,0.9669093315684977,0.48510919920582396,100.68681318681318
episode_022,high_rate_observer_log,3041,1.7187125186446732,0.847006979232539,-0.8717055394121342,-50.71851923784997,1.8229882285156935,0.9469033359437555,-0.876084892571938,-48.057627518816204,2.855198649219567,1.6859365789359668,-1.1692620702836003,-40.95203920761182,3.003929032751261,2.1186536242732013,-0.8852754084780599,-29.470583320247318,3.543720273152319,3.0907480216959744,-0.45297225145634457,-12.782392980848988,0.09634988490628082,0.7010851693521868,0.604735284445906,627.6450511945393,0.7346267675106872,0.9848733969089115,0.2502466293982243,34.064458370635634
episode_023,high_rate_observer_log,3306,2.023563825846476,1.087095352014437,-0.9364684738320388,-46.27817822550298,2.1491308086892755,1.2803116586227652,-0.8688191500665103,-40.42653646552072,3.1914604998493843,2.4985123510056333,-0.692948148843751,-21.712571685485486,3.790471741832871,3.6351823779770216,-0.15528936385584924,-4.096834759167986,3.9330382946805456,4.529503509087447,0.5964652144069014,15.165507419890206,0.10042347247428918,0.5792498487598307,0.4788263762855415,476.8072289156627,0.4280096793708409,0.9080459770114943,0.48003629764065336,112.15547703180212
episode_024,high_rate_observer_log,3704,1.6621088136260735,0.8642567380199401,-0.7978520756061335,-48.002397259751675,1.7875496471543315,0.9591163740880251,-0.8284332730663064,-46.344630169300245,2.781580016701094,1.6611434784641623,-1.1204365382369315,-40.28057907770527,3.439755972013841,2.1706786143450314,-1.2690773576688095,-36.89440088175252,3.9952254285555178,3.73846754332249,-0.25675788523302767,-6.4266182177824955,0.16981641468682504,0.7108531317494601,0.541036717062635,318.60095389507154,0.7046436285097192,0.9800215982721382,0.275377969762419,39.08045977011494
episode_025,joint_30hz_interpolated,3001,2.017386704990131,0.8575066068366354,-1.1598800981534954,-57.49418766786061,2.12549948203624,0.9467221083374802,-1.1787773736987597,-55.4588407883066,3.114334534762087,1.6671183954750677,-1.4472161392870193,-46.469514534589855,3.275307053749867,2.037795894143519,-1.2375111596063482,-37.783057872071375,3.334087124378429,2.5433165945568224,-0.7907705298216068,-23.717752425831687,0.05898033988670443,0.7060979673442186,0.6471176274575141,1097.1751412429378,0.4995001666111296,0.9873375541486171,0.4878373875374875,97.66511007338225
episode_026,joint_30hz_interpolated,3202,1.7029837975534237,0.8707256399437544,-0.8322581576096693,-48.87058578040058,1.8624757315783589,0.9669255923412532,-0.8955501392371057,-48.083855486168936,2.9853686428325488,1.6740674775432103,-1.3113011652893385,-43.924262701612705,3.3457372063636046,2.205590315210169,-1.1401468911534356,-34.07759847321158,3.6856168694213802,3.02735655345185,-0.6582603159695304,-17.8602480749138,0.21580262336039974,0.6961274203622736,0.48032479700187386,222.57597684515198,0.6436602123672704,0.9825109306683323,0.33885071830106184,52.644347404172734
episode_027,joint_30hz_interpolated,3228,1.930588504515963,0.8261714610772714,-1.1044170434386915,-57.20623741699896,2.048170797640881,0.9201977540814331,-1.127973043559448,-55.072215894234354,2.8827694683004204,1.6417125955959746,-1.2410568727044458,-43.05085392194504,3.2115827492018334,2.0977956909611883,-1.113787058240645,-34.680316380372005,3.977152472484045,2.586935362234802,-1.3902171102492429,-34.95508708472881,0.12267657992565056,0.7335811648079306,0.61090458488228,497.979797979798,0.5238537794299876,0.984820322180917,0.4609665427509294,87.9952690715553
episode_028,joint_30hz_interpolated,3438,1.9129629986016443,0.8664397162276538,-1.0465232823739905,-54.70692758505982,1.9787534458906009,0.9489655266627751,-1.0297879192278256,-52.04225525754356,2.764252939986442,1.6407423059827784,-1.1235106340036636,-40.644277437547885,2.9483846875852024,2.0274608116955655,-0.920923875889637,-31.234861575810708,3.1354923431275563,2.498391422094309,-0.6371009210332472,-20.319007393835918,0.03810354857475276,0.7004072134962187,0.662303664921466,1738.1679389312978,0.56282722513089,0.9886561954624782,0.4258289703315882,75.65891472868218
episode_029,joint_30hz_interpolated,3629,1.70582239634869,0.8967153472599352,-0.8091070490887549,-47.43208031625374,1.8152554541373227,0.9809551111389216,-0.8343003429984011,-45.96049228756576,2.7084554437316344,1.63523226350699,-1.0732231802246444,-39.62491547381659,3.0826504938394987,2.029533587369058,-1.0531169064704407,-34.162708635800094,3.464709140354926,3.401652657268617,-0.06305648308630873,-1.819964693482155,0.149903554698264,0.6649214659685864,0.5150179112703224,343.5661764705882,0.6585836318545054,0.9887021217966382,0.3301184899421328,50.1255230125523
episode_030,joint_30hz_interpolated,2693,1.8554113094174909,0.9076870668507192,-0.9477242425667717,-51.07892992547895,1.9454521558607016,1.0304153416426403,-0.9150368142180614,-47.03466037247435,2.6344215693509785,1.8039932155527976,-0.8304283537981809,-31.52222724940591,3.12396978781844,2.413779056409584,-0.710190731408856,-22.733597942533343,3.7003370014978216,4.013055159199492,0.31271815770167066,8.451072363816827,0.0902339398440401,0.6865948756034163,0.5963609357593762,660.9053497942388,0.5109543260304493,0.9721500185666543,0.46119569253620496,90.26162790697674
episode_031,joint_30hz_interpolated,3186,1.6842013353347656,0.8435143304753706,-0.840687004859395,-49.91606331272106,1.7928552726486768,0.9327949308525598,-0.860060341796117,-47.97154320914626,2.781023839223604,1.6435627426331543,-1.13746109659045,-40.9008035295376,3.239058249111474,2.131752604639282,-1.1073056444721923,-34.18603678325155,3.8165369390173507,2.7236783700471485,-1.0928585689702022,-28.634822259877875,0.12052730696798493,0.7382297551789078,0.6177024482109228,512.5,0.6898932831136221,0.9849340866290018,0.29504080351537976,42.76615104640582
episode_032,joint_30hz_interpolated,3078,1.569954755013233,0.8890496238230436,-0.6809051311901893,-43.371003464647615,1.6578742954273011,0.9978430309423825,-0.6600312644849187,-39.81190047432408,2.4887069481051296,1.7817152641687444,-0.7069916839363852,-28.40799253100812,2.776336025752385,2.341775030323165,-0.4345609954292198,-15.652319870447025,3.124130336904947,4.29682368521712,1.172693348312173,37.53663329789089,0.1728395061728395,0.6874593892137751,0.5146198830409356,297.74436090225566,0.7943469785575049,0.9753086419753086,0.18096166341780373,22.781186094069525
episode_033,joint_30hz_interpolated,2772,1.8470871689373582,0.836195511112087,-1.0108916578252711,-54.7289632468642,1.9889974217166912,0.9522365210302348,-1.0367609006864564,-52.12479862299845,3.2923440646006092,1.6790753127769256,-1.6132687518236837,-49.0006123348286,3.4515090462996305,2.269078953974388,-1.1824300923252427,-34.25835124473824,3.5693421626799826,4.04627659926974,0.47693443658975765,13.361970213347638,0.12518037518037517,0.7344877344877345,0.6093073593073594,486.74351585014415,0.5977633477633477,0.976911976911977,0.37914862914862923,63.42788171394088
episode_034,joint_30hz_interpolated,3080,1.6709297211108505,0.8010216447187413,-0.8699080763921092,-52.06132043744998,1.8451152122337535,0.8919787422721884,-0.9531364699615651,-51.65728750388809,2.815382057238408,1.5491154770751052,-1.2662665801633026,-44.97672267633105,3.2825052414794755,1.9845051375052314,-1.2980001039742441,-39.542971251714306,3.718693665768662,4.03190417103019,0.31321050526152794,8.422594959748766,0.2474025974025974,0.7435064935064936,0.49610389610389616,200.52493438320212,0.6175324675324675,0.9905844155844156,0.3730519480519481,60.410094637223985
episode_035,joint_30hz_interpolated,3163,1.869282478205173,0.829503247920381,-1.039779230284792,-55.624510602761106,2.0366592636509746,0.9119035525217946,-1.12475571112918,-55.225522069553755,3.3863943306683413,1.5538699570962362,-1.832524373572105,-54.11432321912837,3.570635453822787,1.900211662033703,-1.670423791789084,-46.78225524257029,3.8060153815671565,2.936473418674564,-0.8695419628925927,-22.846517307939834,0.10085361998103066,0.7271577616187164,0.6263041416376857,621.0031347962381,0.676889029402466,0.9930445779323427,0.3161555485298767,46.70714619336759
episode_036,joint_30hz_interpolated,2592,1.7995632149994663,0.8479750974064718,-0.9515881175929944,-52.878838023663235,1.9187761185943963,0.953505930620637,-0.9652701879737593,-50.30655627926358,2.9444252599462546,1.7126288403839975,-1.231796419562257,-41.834867956021455,3.070383193921846,2.2616467911249956,-0.8087364027968507,-26.33991758415794,3.7657003375366136,3.080842313553359,-0.6848580239832547,-18.18673719617489,0.11381172839506173,0.7310956790123457,0.617283950617284,542.3728813559322,0.6273148148148148,0.9783950617283951,0.3510802469135803,55.96555965559657
episode_037,joint_30hz_interpolated,2885,1.942193374820149,0.8553458049873831,-1.086847569832766,-55.95980214552067,2.052009137588155,0.9379592704483415,-1.1140498671398136,-54.29068744056475,3.1192083579024983,1.592464657291836,-1.5267437006106623,-48.946512237397194,3.557535637971919,2.0822110627524375,-1.4753245752194815,-41.47040888283371,3.6844978395230457,3.118558557981792,-0.5659392815412536,-15.36001121972469,0.0610051993067591,0.7181975736568458,0.6571923743500867,1077.2727272727273,0.5792027729636049,0.9854419410745234,0.40623916811091854,70.13764213046079
episode_038,joint_30hz_interpolated,2870,1.529585234821164,0.868565050101755,-0.661020184719409,-43.21564890084038,1.6317714169042197,0.9472468298040922,-0.6845245871001274,-41.94978414310018,2.462621791612531,1.593104333061126,-0.8695174585514049,-35.30860733519469,2.8583762228445586,1.957274369332313,-0.9011018535122457,-31.524956243006383,2.9526139121521155,2.439026651879032,-0.5135872602730838,-17.394325013483996,0.20836236933797908,0.6954703832752613,0.48710801393728226,233.77926421404686,0.8017421602787457,0.99198606271777,0.19024390243902434,23.728813559322028
episode_039,joint_30hz_interpolated,3359,2.071039957283542,0.9114146906863205,-1.1596252665972215,-55.99241398114945,2.194760712694627,0.9946065073881112,-1.2001542053065157,-54.68269038919606,3.1629052903592685,1.6859674333039385,-1.47693785705533,-46.69560803977053,3.533151497431961,2.130596044839205,-1.4025554525927562,-39.697008566210386,3.673018740788721,2.734943105987681,-0.9380756348010397,-25.53963649528244,0.07532003572491813,0.6662697231318845,0.5909496874069664,784.5849802371542,0.46948496576362014,0.9860077403989282,0.516522774635308,110.01902346227011
episode_040,joint_30hz_interpolated,2844,1.6509929519912403,0.8643684201044921,-0.7866245318867482,-47.64554148689799,1.7295877536299664,0.9353091752119508,-0.7942785784180156,-45.922999671512834,2.3534676725266177,1.5688072828332558,-0.7846603896933619,-33.34060624044911,2.4631573734028,1.9375732949149873,-0.5255840784878127,-21.33781966849034,2.527255965153447,2.4056739775605736,-0.12158198759287364,-4.810829978018928,0.14135021097046413,0.7204641350210971,0.5791139240506329,409.7014925373134,0.6768635724331927,0.9922644163150492,0.3154008438818565,46.59740259740259
episode_041,joint_30hz_interpolated,2969,1.8965371821589847,0.8678018446431692,-1.0287353375158155,-54.24282461705924,1.984702106169072,0.9601237780401085,-1.0245783281289635,-51.62378398976124,2.990016243229394,1.7034100419695044,-1.2866062012598898,-43.03007397278481,3.3868743476392162,2.1757813670508703,-1.211092980588346,-35.75842668720571,3.765334208550769,3.040109337465514,-0.7252248710852549,-19.26057106533407,0.0242505894240485,0.7153923880094308,0.6911417985853824,2850.0000000000005,0.6301785112832604,0.9811384304479622,0.3509599191647018,55.69214323890966
episode_042,joint_30hz_interpolated,3057,2.026888310212884,0.873200716776645,-1.153687593436239,-56.91914979346184,2.164540057090522,0.9555450798965064,-1.2089949771940158,-55.85459013491729,3.4527323359221835,1.6199435077023456,-1.832788828219838,-53.08227368659673,3.6358142473222625,2.062553815052564,-1.5732604322696986,-43.271199386172924,3.7436992019254776,2.965616744955709,-0.7780824569697686,-20.78378670405949,0.06346090938828917,0.6902191691200523,0.6267582597317631,987.6288659793814,0.5629702322538437,0.9875695125940465,0.4245992803402028,75.42126670540382
episode_043,joint_30hz_interpolated,2607,1.5690562045594494,0.9196948260572109,-0.6493613785022385,-41.38547597054132,1.7010704425060112,1.0270268632488473,-0.674043579257164,-39.62467176045721,2.8053359809109097,1.7983026193346279,-1.0070333615762819,-35.89706788879142,3.0866856067246364,2.2201348572427313,-0.8665507494819051,-28.073826099880158,3.4453294979393507,4.7328182523067035,1.2874887543673528,37.36910374283212,0.2305331799002685,0.654392021480629,0.4238588415803605,183.8602329450915,0.7203682393555811,0.9758342922899885,0.2554660529344074,35.46325878594249
episode_044,joint_30hz_interpolated,2916,1.8653289265825717,0.8638636244241348,-1.001465302158437,-53.688402505674944,1.9582593639100705,0.9594205121036264,-0.998838851806444,-51.00646371030522,2.8078965259405644,1.652863124642285,-1.1550334012982795,-41.13518395808323,3.0230844345903884,2.2074859602948393,-0.8155984742955491,-26.9790173560289,3.3341435225244433,2.8927252013676856,-0.4414183211567577,-13.239331725664234,0.06652949245541838,0.6982167352537723,0.6316872427983539,949.4845360824742,0.6069958847736625,0.9794238683127572,0.3724279835390947,61.355932203389834
episode_045,joint_30hz_interpolated,3255,1.7566432969775192,0.8342453099120102,-0.922397987065509,-52.50912286248364,1.861393505768489,0.9302865841469555,-0.9311069216215334,-50.02203557367197,2.791649099141722,1.6353331227655095,-1.1563159763762125,-41.420534433633364,2.9886223593231125,2.098175702579381,-0.8904466567437317,-29.794552462138682,3.35279221052405,2.866058550288719,-0.4867336602353314,-14.517262916190491,0.10291858678955453,0.7127496159754224,0.6098310291858678,592.5373134328358,0.6657450076804915,0.9852534562211982,0.3195084485407067,47.99261652053532
episode_046,joint_30hz_interpolated,3069,2.010478461924866,0.7927073632101588,-1.217771098714707,-60.57120838533095,2.1276174235239913,0.8784543349286389,-1.2491630885953524,-58.711828300707964,2.9955055527074212,1.514953939328743,-1.4805516133786782,-49.42576761510305,3.4425861195524643,1.945165516497167,-1.4974206030552972,-43.496968588543595,3.969078582796491,2.615460078190047,-1.3536185046064442,-34.10409938653132,0.10231345715216683,0.7530140110785272,0.6507005539263604,635.9872611464967,0.43857934180514824,0.9921798631476051,0.5536005213424569,126.22585438335811
episode_047,joint_30hz_interpolated,3320,1.7918772391928324,0.8381316130199461,-0.9537456261728863,-53.22605842141897,1.9008294849777028,0.9309317080687597,-0.9698977769089431,-51.024975389642606,2.7798112160693362,1.6295193671234929,-1.1502918489458434,-41.380214681353806,3.13065277601891,2.034982147226004,-1.0956706287929059,-34.99815237211371,3.230350632505982,2.3844482824355016,-0.8459023500704803,-26.18608461751602,0.1213855421686747,0.7153614457831325,0.5939759036144578,489.3300248138958,0.6006024096385543,0.9873493975903614,0.3867469879518072,64.39317953861583
episode_048,joint_30hz_interpolated,3483,2.1054209718656947,0.8516442607855852,-1.2537767110801095,-59.54992981613029,2.2574657946973313,0.9427607954015934,-1.314704999295738,-58.238091685991925,3.3209493155471557,1.6144628647133534,-1.7064864508338022,-51.38550121330724,3.4909430576851377,2.085596072291077,-1.4053469853940608,-40.25694381637819,3.6936358311818105,2.996556799116721,-0.6970790320650897,-18.872435289378632,0.11053689348262992,0.691358024691358,0.580821131208728,525.4545454545454,0.4691358024691358,0.986505885730692,0.5173700832615562,110.28151774785803
episode_049,joint_30hz_interpolated,2749,1.8732242505366468,0.8346978784302532,-1.0385263721063935,-55.440579087574456,2.01080284936931,0.9357238454650384,-1.0750790039042717,-53.46516214861497,2.976062461640672,1.6510678488300357,-1.3249946128106365,-44.521733998828125,3.096917565220111,2.1171471301110656,-0.9797704351090455,-31.63695560102547,3.257957548550687,2.9726868854273185,-0.28527066312336835,-8.756119712188145,0.14841760640232812,0.7118952346307749,0.5634776282284467,379.656862745098,0.5070934885412878,0.9821753364859949,0.4750818479447071,93.68723098995693
episode_050,joint_30hz_interpolated,2917,1.7411323087812753,0.8331272764784382,-0.9080050323028371,-52.15026036352201,1.890215709362917,0.9285288283495933,-0.9616868810133238,-50.877097055629335,2.9572183834681027,1.6034311721389338,-1.353787211329169,-45.77907464992503,3.3130813450009313,1.9841018312274854,-1.328979513773446,-40.11309640129202,3.6040579821460925,4.176265962453621,0.5722079803075282,15.87676955093819,0.1741515255399383,0.7096331847788824,0.5354816592389441,307.4803149606299,0.673294480630785,0.990743914981145,0.31744943435036,47.14867617107944
episode_051,joint_30hz_interpolated,2588,1.7196951297870107,0.8569356465636268,-0.8627594832233839,-50.16932759065494,1.830877737682039,0.9748616493019151,-0.856016088380124,-46.75441023516256,2.5501531880968815,1.792718085069377,-0.7574351030275046,-29.701553089552256,3.0165877841661013,2.294444765543818,-0.7221430186222833,-23.939068586459545,3.383241645821347,2.87487833658783,-0.5083633092335171,-15.025923727954765,0.1418083462132921,0.6966769706336939,0.5548686244204019,391.2806539509537,0.6054868624420402,0.9725656877897991,0.36707882534775893,60.62539885130823
episode_052,joint_30hz_interpolated,2778,1.774095497353316,0.8222352304791662,-0.9518602668741498,-53.65327110599076,1.9518857908902165,0.9347236227318347,-1.0171621681583818,-52.11176662618535,3.4521559772034602,1.670809079310893,-1.7813468978925673,-51.60099687429563,3.609338886855425,2.2664962442235725,-1.3428426426318523,-37.20467057062024,3.6756896590682455,3.4905308682623173,-0.18515879080592823,-5.037389115512661,0.17962562994960404,0.7311015118790497,0.5514758819294456,307.0140280561122,0.669906407487401,0.9794816414686826,0.3095752339812815,46.21171413218699
episode_053,joint_30hz_interpolated,2658,1.859413995977007,0.8410037913479664,-1.0184102046290406,-54.77049257628768,1.9415448612033628,0.962445809553419,-0.9790990516499438,-50.42886575606096,2.7680448268212983,1.7276097125749643,-1.040435114246334,-37.58736506594527,3.4374150022157948,2.4280399764012266,-1.0093750258145682,-29.36436319629472,3.662189360629538,3.6208593061097325,-0.041330054519805426,-1.1285613727166939,0.07223476297968397,0.7140707298720843,0.6418359668924003,888.5416666666667,0.5842738901429646,0.9744168547780286,0.39014296463506404,66.77398583386994
episode_054,joint_30hz_interpolated,3303,1.9376257405618706,0.9129752563000905,-1.0246504842617803,-52.88175434563814,2.112957419080403,1.07873340049503,-1.034224018585373,-48.94675156470905,3.2356057615163194,1.6970356396684945,-1.538570121847825,-47.55122333342602,3.77754220140992,3.41494001599286,-0.3626021854170598,-9.598891715404877,3.9432752358972376,6.974048062380775,3.0307728264835374,76.85927674774462,0.14047835301241296,0.6642446260974871,0.5237662730850742,372.84482758620686,0.5573720859824403,0.9754768392370572,0.41810475325461693,75.0135795763172
episode_055,joint_30hz_interpolated,2621,1.8112750352955747,0.8857170293333804,-0.9255580059621943,-51.099804719119106,1.9035070561913097,0.9865918675361595,-0.9169151886551502,-48.16978143962272,2.716337441830454,1.745046212522358,-0.9712912293080957,-35.757384717768105,3.109668700553743,2.2019050083544904,-0.9077636921992527,-29.19165286120692,3.341521660878906,2.82563507422492,-0.5158865866539859,-15.438672527362712,0.10759252193819153,0.6745516978252576,0.566959175887066,526.950354609929,0.6684471575734453,0.9790156428843952,0.31056848531094994,46.461187214611854
episode_056,joint_30hz_interpolated,3219,1.4315296896605958,0.8670321426972045,-0.5644975469633913,-39.433170757166,1.514868211650816,0.990883567386725,-0.5239846442640911,-34.58945406829039,2.234105355775717,1.8311190102537551,-0.4029863455219618,-18.03792934295341,3.0482227589872233,2.5703595107071133,-0.47786324828010995,-15.676782376589852,3.4663205156751973,4.474908653970317,1.0085881382951198,29.096793955842802,0.204721963342653,0.7023920472196334,0.4976700838769804,243.0955993930197,0.895309102205654,0.970798384591488,0.07548928238583408,8.431644691186671
episode_057,joint_30hz_interpolated,3170,2.0648701994372547,0.9041372898183905,-1.160732909618864,-56.21335955815538,2.219816702195579,1.0442335953080002,-1.1755831068875786,-52.95856661159597,3.3814557673675454,1.8137664014524502,-1.5676893659150952,-46.36137432415794,3.5823810754561687,3.2284668481304686,-0.3539142273257001,-9.879301500068186,3.80759873132058,4.315190860312577,0.5075921289919969,13.331029995798689,0.1028391167192429,0.7,0.5971608832807571,580.6748466257669,0.5145110410094638,0.9602523659305994,0.4457413249211356,86.63396689147761
episode_058,joint_30hz_interpolated,3114,1.7711132701545174,0.878873365139451,-0.8922399050150663,-50.37734853272397,1.86836873100562,0.9694945534083437,-0.8988741775972764,-48.11010603423402,2.7832262522525415,1.6887052850471502,-1.0945209672053913,-39.32561955103598,3.2000837310678256,2.1309563749182687,-1.069127356149557,-33.409355691852575,3.397354428664522,3.014671941037215,-0.38268248762730694,-11.264132008085388,0.12684649967886963,0.6897880539499036,0.562941554271034,443.7974683544303,0.6451509312780989,0.9813744380218369,0.336223506743738,52.11548033847687
episode_059,joint_30hz_interpolated,2839,2.034752382885345,0.8922587092705945,-1.1424936736147504,-56.149027430780414,2.1037934107760865,0.9837245308542366,-1.12006887992185,-53.24044053872466,2.860776839259175,1.579496259706694,-1.281280579552481,-44.78785489203976,3.3820350121474707,2.326399077289197,-1.0556359348582736,-31.213039813800822,3.6181479666585314,3.9545007200415223,0.33635275338299087,9.296268601574711,0.020781965480803098,0.6879182810848891,0.6671363156040859,3210.1694915254234,0.4388869320183163,0.9837971116590348,0.5449101796407185,124.15730337078651
episode_060,joint_30hz_interpolated,2613,2.104039100753173,1.0560789125342622,-1.047960188218911,-49.80706812167975,2.2275688069001203,1.3729061037957522,-0.8546627031043681,-38.36751082422072,3.5299173598128646,2.1325773578901424,-1.3973400019227222,-39.585629336002384,3.71932751200131,5.745013459115764,2.025685947114454,54.46376907056688,3.7844934417779985,6.996916588539346,3.2124231467613473,84.88383442017842,0.07271335629544584,0.6203597397627248,0.547646383467279,753.1578947368422,0.4538844240336778,0.9418293149636433,0.4879448909299655,107.504215851602
episode_061,joint_30hz_interpolated,2946,1.869797887729131,0.9058117861751096,-0.9639861015540214,-51.55563111287832,1.9998926618647561,1.0039099922005952,-0.9959826696641609,-49.80180629971804,3.134472277769876,1.7200524587143702,-1.414419819055506,-45.124655562812684,3.4040542089887755,2.2652689605925582,-1.1387852483962173,-33.453792991578425,3.9157286495402603,3.0773091108105466,-0.8384195387297138,-21.41158424826376,0.10556687033265445,0.6527494908350305,0.5471826205023761,518.3279742765274,0.5845213849287169,0.9789545145960624,0.39443312966734556,67.47967479674797
episode_062,joint_30hz_interpolated,2614,1.8756401945767012,0.9293356379614988,-0.9463045566152024,-50.45235004833998,1.9629986186570736,1.0331803135106243,-0.9298183051464493,-47.36724194857337,2.792851326163184,1.771913301881866,-1.0209380242813182,-36.555401811663266,3.0451940306698844,2.4341999825276095,-0.6109940481422749,-20.064207468837967,3.4094852983953197,3.151988406629367,-0.2574968917659528,-7.552368443622391,0.05547054322876817,0.6491966335118592,0.593726090283091,1070.344827586207,0.617061973986228,0.9667176740627391,0.34965570007651114,56.66460012399258
episode_063,joint_30hz_interpolated,2427,1.80884687883355,0.8542111827492054,-0.9546356960843447,-52.77592632384392,1.9481071113752846,0.9318694314947464,-1.0162376798805381,-52.16539039083511,2.7745810931777974,1.571704715814602,-1.2028763773631954,-43.35344100487295,3.3366652203820206,1.9710511730141878,-1.3656140473678329,-40.92751166721729,3.628997268585224,2.6477417753871286,-0.9812554931980952,-27.039300957662082,0.18088174701277296,0.7136382365059745,0.5327564894932015,294.5330296127563,0.5620107128141739,0.9913473423980222,0.42933662958384833,76.39296187683283
episode_064,joint_30hz_interpolated,2755,1.9711509248118606,0.8995549207376672,-1.0715960040741934,-54.363975410785635,2.0932016179400597,0.9911891410742962,-1.1020124768657635,-52.647220765588024,3.116782512233404,1.6974699801337234,-1.4193125320996804,-45.537746908193434,3.5855236067642724,2.1308537557036695,-1.4546698510606029,-40.57063934305981,3.736005909239272,3.374750438765898,-0.3612554704733739,-9.669563679756946,0.07767695099818511,0.674410163339383,0.5967332123411979,768.2242990654207,0.5480943738656987,0.9829401088929219,0.43484573502722323,79.33774834437087
episode_065,joint_30hz_interpolated,2621,1.6932218906822707,0.9316246177282973,-0.7615972729539734,-44.979177102836395,1.8357136257916602,1.028624292443267,-0.8070893333483933,-43.96597170761492,2.908040759194547,1.7554300212282585,-1.1526107379662884,-39.63530202669966,3.0542772539386234,2.2151048563776126,-0.8391723975610108,-27.47531830906515,3.1896535668624706,3.185841963540797,-0.00381160332167374,-0.11949897510101874,0.2159481114078596,0.6405951926745517,0.42464708126669204,196.643109540636,0.6734070965280428,0.9740557039297978,0.30064860740175503,44.64589235127478
episode_066,joint_30hz_interpolated,3106,2.088241712991249,0.9425672570747105,-1.1456744559165388,-54.8631151647405,2.2269286733808547,1.0494134122492365,-1.1775152611316182,-52.876200086999226,3.495620028676729,1.8605226297401147,-1.6350973989366144,-46.77560448569642,3.7894116973718552,2.4913997630492717,-1.2980119343225835,-34.25365302014608,3.9087917754555064,2.917211143120512,-0.9915806323349945,-25.367957397000044,0.05280103026400515,0.6368319381841597,0.5840309079201546,1106.09756097561,0.5305859626529298,0.9645846748229234,0.43399871216999364,81.7961165048544
episode_067,joint_30hz_interpolated,2792,2.035877657597954,0.9837332278582095,-1.0521444297397444,-51.6801402978765,2.1804823277606897,1.088315911868193,-1.0921664158924966,-50.08829477715277,3.2893495789005236,1.856645674368762,-1.4327039045317616,-43.55584197319179,3.4578669437999983,2.4437265052442023,-1.014140438555796,-29.328498031833277,3.7089570306929946,3.203892918227195,-0.5050641124657997,-13.617416116881563,0.08775071633237823,0.5970630372492837,0.5093123209169055,580.4081632653061,0.5168338108882522,0.9620343839541547,0.44520057306590255,86.13998613998612
episode_068,joint_30hz_interpolated,2850,1.7190519256864354,0.9350360588394968,-0.7840158668469386,-45.60745694367974,1.842285704666064,1.0586189585956542,-0.7836667460704096,-42.53774233201568,2.9219491336335413,1.8352842201796713,-1.08666491345387,-37.18972725930263,3.1236938245292105,2.745862588030559,-0.37783123649865136,-12.095655263383453,3.2503433484684203,3.684806053735,0.4344627052665797,13.366671107878524,0.15824561403508772,0.6449122807017544,0.4866666666666667,307.5388026607539,0.7,0.9635087719298245,0.2635087719298246,37.64411027568923
episode_069,joint_30hz_interpolated,2582,2.0501786827145456,1.0060261925020006,-1.044152490212545,-50.92982865425327,2.2038422056810645,1.1156377155274608,-1.0882044901536037,-49.377604592036136,3.4789117746054528,1.946552268373423,-1.5323595062320297,-44.04709304264597,3.7241332186299494,2.4260802147325307,-1.2980530038974187,-34.85517106111882,3.978497103487134,4.127918775589139,0.14942167210200497,3.7557315794207207,0.07629744384198296,0.576297443841983,0.5,655.3299492385787,0.5387296669248645,0.9566227730441518,0.4178931061192873,77.57009345794391
episode_070,joint_30hz_interpolated,2821,2.1025920437894534,0.9806827293705704,-1.121909314418883,-53.35839245338775,2.2260246450582977,1.0762361840615449,-1.1497884609967528,-51.65209933992626,3.221507326234833,1.8222241266548194,-1.3992831995800135,-43.43566715446334,3.3481582912081986,2.3836055396572697,-0.9645527515509289,-28.808457296768534,3.6579713090712085,3.2079964929239986,-0.4499748161472099,-12.30121228756883,0.05778092874867068,0.6012052463665367,0.543424317617866,940.4907975460122,0.4728819567529245,0.9680964197093229,0.4952144629563984,104.72263868065966
episode_071,joint_30hz_interpolated,2809,1.982888327045309,0.963888164683657,-1.019000162361652,-51.389689901501335,2.1126359451991257,1.0827202950817094,-1.0299156501174163,-48.7502663418113,3.1979581024038035,1.9365526420635093,-1.2614054603402942,-39.44408963307355,3.29814683972165,2.6885097783024423,-0.6096370614192077,-18.48423041924533,3.4891100307317635,3.173061506831725,-0.31604852390003835,-9.058141506467601,0.05660377358490566,0.6212175151299395,0.5646137415450339,997.4842767295598,0.5938056247775009,0.9583481666073336,0.3645425418298327,61.39088729016787
episode_072,joint_30hz_interpolated,2778,1.9992490759582726,1.052217702363691,-0.9470313735945817,-47.36935407313639,2.150334004985451,1.2405263010160328,-0.9098077039694183,-42.31006447649857,3.1552833126473083,2.4202390334560517,-0.7350442791912566,-23.295666549022137,3.3975278859739517,3.5809627070760324,0.18343482110208065,5.399067417793875,3.620032970715836,4.491772139092003,0.871739168376167,24.08097316869981,0.1493880489560835,0.5979121670266379,0.44852411807055437,300.24096385542174,0.4614830813534917,0.9208063354931606,0.4593232541396689,99.5319812792512
episode_073,joint_30hz_interpolated,3397,2.1699763586579417,1.0397698902494343,-1.1302064684085074,-52.08381482586762,2.2424025952004514,1.1790773359752338,-1.0633252592252176,-47.41901661642367,3.0248063991311906,2.0908969070181698,-0.9339094921130209,-30.87501707154765,3.2759939025300775,3.142390900005348,-0.13360300252472967,-4.078243320952062,4.164287968813014,4.027717338991858,-0.13657062982115598,-3.279567379680613,0.020312040035325288,0.5705033853400059,0.5501913453046806,2708.695652173913,0.3876950250220783,0.941713276420371,0.5540182513982926,142.9005315110099
episode_074,joint_30hz_interpolated,3084,1.754056951441996,0.9726380413910868,-0.7814189100509091,-44.54923253253043,1.9560750721991877,1.0732933430926241,-0.8827817291065636,-45.130258120107044,3.369504546505271,1.836527730902984,-1.532976815602287,-45.495614991593804,3.4690887370940438,2.45338088461079,-1.0157078524832537,-29.278808628403176,3.5854126163743865,3.7549902771588335,0.16957766078444703,4.7296553822005025,0.23378728923476005,0.6160830090791181,0.382295719844358,163.5228848821082,0.6608300907911803,0.9672503242542153,0.30642023346303504,46.36898920510305
episode_075,joint_30hz_interpolated,2928,1.6873088665207536,0.9246266058284834,-0.7626822606922702,-45.20110548965039,1.780489354185135,1.024122237373862,-0.7563671168112729,-42.480855896913496,2.648454925642522,1.7853790167484207,-0.8630759088941011,-32.58790249883965,2.8465261330805998,2.313815735623159,-0.532710397457441,-18.714403892752077,3.1147429621898555,3.0219754049071565,-0.09276755728269892,-2.978337487517032,0.12807377049180327,0.6434426229508197,0.5153688524590164,402.4000000000001,0.6871584699453552,0.9737021857923497,0.28654371584699445,41.699801192842926
episode_076,joint_30hz_interpolated,3372,1.7956814755941135,0.9907724620709163,-0.8049090135231972,-44.82470997574264,1.8832428759460824,1.0948959258559703,-0.7883469500901121,-41.86114070358935,2.656638126153035,1.878177800625391,-0.7784603255276441,-29.302460047688147,2.9406127286854464,2.5895407167935893,-0.3510720118918571,-11.938736728817677,3.3245263520558144,3.6480818525868868,0.3235555005310724,9.73237887950543,0.12129300118623962,0.594306049822064,0.4730130486358244,389.97555012224933,0.6094306049822064,0.9635231316725978,0.3540925266903915,58.102189781021906
episode_077,joint_30hz_interpolated,2926,1.7543991602175109,0.9810429234522257,-0.7733562367652852,-44.08097394833478,1.9394714573939775,1.0948623256423724,-0.8446091317516051,-43.54841771615895,3.3244750013124684,1.9201741903732061,-1.4043008109392623,-42.24128051451308,3.4422528030238944,2.600075592344579,-0.8421772106793153,-24.465873335610134,3.5556058582492174,3.544196544853103,-0.011409313396114396,-0.3208823995394233,0.17840054682159945,0.6114149008885851,0.43301435406698563,242.72030651340998,0.6992481203007519,0.956596035543404,0.2573479152426521,36.80351906158358
episode_078,high_rate_observer_log,3490,1.9628811340724028,1.1759322009866957,-0.7869489330857071,-40.091522580025966,2.10453590554645,1.339506121969472,-0.7650297835769782,-36.35147214931149,3.056796644401038,2.433112783605847,-0.6236838607951913,-20.403184553920454,3.5616976585054063,3.5042987837416004,-0.057398874763805896,-1.6115594378634643,3.8988652599768874,5.272315319336428,1.373450059359541,35.2269177767811,0.12836676217765042,0.47421203438395415,0.34584527220630373,269.4196428571429,0.48825214899713465,0.9060171919770774,0.41776504297994277,85.56338028169016
episode_079,high_rate_observer_log,3523,1.710384260296107,1.2121896304228292,-0.4981946298732778,-29.127643503163952,1.8617687609913551,1.368674109291589,-0.4930946516997661,-26.48527905459123,2.984914204161711,2.3954096557869984,-0.5895045483747126,-19.749463738448394,3.171717736535647,3.497240569349719,0.32552283281407224,10.26329767823631,3.519826659215325,5.708235417002652,2.188408757787327,62.173765064760005,0.17343173431734318,0.43230201532784557,0.25887028101050236,149.26350245499177,0.6695997729208061,0.9015043996593812,0.23190462673857515,34.63331920305215
episode_080,high_rate_observer_log,3243,1.4656232435257803,1.1503045649317263,-0.31531867859405405,-21.514306625999385,1.5967000879285154,1.2825469657333173,-0.3141531221951981,-19.675149050863133,2.502794089112363,2.2869491801073267,-0.21584490900503628,-8.624157694154835,2.896716002423175,3.016745488489124,0.12002948606594899,4.143640107126185,3.4632053223748196,3.76745492386362,0.30424960148880054,8.78520252677851,0.26919518963922295,0.4776441566450817,0.20844896700585874,77.43413516609391,0.7382053654024052,0.9164353993216158,0.17823003391921055,24.143692564745187
episode_081,high_rate_observer_log,3446,1.6868038730964106,0.7748355166885025,-0.9119683564079081,-54.0648720905435,1.814374840067642,0.8669685574766126,-0.9474062825910294,-52.21667880688364,2.7475224808996255,1.5188740914982335,-1.228648389401392,-44.71841078436213,2.9467187408836977,1.8905157781540363,-1.0562029627296614,-35.84335851520442,3.0514191582144403,2.858945414038911,-0.19247374417552932,-6.307679613840949,0.20951828206616366,0.7463726059199072,0.5368543238537435,256.23268698060946,0.6619268717353454,0.9930354033662218,0.3311085316308764,50.02192021043402
episode_082,high_rate_observer_log,2807,1.3365899531862566,0.832839787011936,-0.5037501661743207,-37.689207896067586,1.4411701958839827,0.9650467097975793,-0.4761234860864033,-33.03728369114374,2.226109674803154,1.7372980850305548,-0.4888115897725991,-21.958109041317687,2.6993900909099158,2.547628700361509,-0.15176139054840698,-5.62206222285016,2.9647707002093813,3.5834698435995613,0.6186991433901801,20.86836406425919,0.2967581047381546,0.7128607053794086,0.416102600641254,140.2160864345738,0.8963306020662629,0.9707873174207339,0.07445671535447096,8.306836248012717
episode_083,high_rate_observer_log,3211,1.7739560203499123,0.7905805133364554,-0.9833755070134569,-55.43404096452664,1.9050194821975985,0.8765891654321359,-1.0284303167654625,-53.98529129891535,2.8581896852298265,1.5088835671737661,-1.3493061180560604,-47.20841744789807,3.3380223186295033,1.8990324562817562,-1.438989862347747,-43.10905455355239,3.741904027005772,2.705271316003428,-1.036632711002344,-27.7033484429542,0.14917471192774837,0.748364995328558,0.5991902834008097,401.67014613778707,0.6325132357521022,0.9940828402366864,0.3615696044845842,57.16395864106351
episode_084,high_rate_observer_log,3169,1.5903831051147432,0.8387567149964553,-0.7516263901182879,-47.26071269878457,1.7510805502893327,0.9468186061956033,-0.8042619440937294,-45.929465892408,2.764945193622295,1.6840937359740416,-1.0808514576482535,-39.09124347713574,3.034186929664647,2.179150128858538,-0.8550368008061091,-28.18009636936284,3.276488854244288,3.0335966211981447,-0.24289223304614316,-7.413186610767993,0.2631745029977911,0.6920164089618176,0.4288419059640265,162.94964028776977,0.677816345850426,0.9804354686020826,0.3026191227516566,44.64618249534449
episode_085,high_rate_observer_log,3415,1.8694770570171153,0.838246274134288,-1.0312307828828273,-55.16145699740386,1.986817183199105,0.9468447336341944,-1.0399724495649108,-52.34364079187108,2.8917964123575888,1.608275364188857,-1.2835210481687318,-44.38490353898455,3.3294367090027595,2.4794208427659155,-0.850015866236844,-25.530320607639446,3.7396699591013185,3.694295961178593,-0.04537399792272545,-1.2133155711320924,0.1349926793557833,0.7045387994143485,0.5695461200585652,421.90889370932763,0.5215226939970717,0.9818448023426062,0.46032210834553444,88.26501965188098
episode_086,high_rate_observer_log,3347,1.6673912694171154,0.7987760318390892,-0.8686152375780262,-52.094265665771154,1.7810053064678586,0.8986195701769939,-0.8823857362908647,-49.54425082768775,2.7568801835907335,1.5635140208442149,-1.1933661627465186,-43.28683451132808,3.1261521253465547,2.0246152336465975,-1.1015368916999573,-35.2361896520901,3.5624670649240557,3.5630206510666795,0.0005535861426237965,0.015539403804582198,0.15596056169704212,0.7230355542276665,0.5670749925306244,363.60153256704984,0.6895727517179564,0.9892440991933075,0.29967134747535107,43.45753899480069
episode_087,high_rate_observer_log,2877,1.7837980080539662,0.844739587073108,-0.9390584209808581,-52.64376441396095,1.9185737918198233,0.9430878664900878,-0.9754859253297355,-50.84432662892047,3.028757067239551,1.6412134698573944,-1.3875435973821566,-45.8123106798652,3.492643221134993,2.1160204446769706,-1.3766227764580226,-39.41492701366347,3.8093440914625063,3.107346726553523,-0.7019973649089835,-18.428300202186996,0.1411192214111922,0.7003823427181092,0.559263121306917,396.3054187192119,0.6409454292665971,0.9850538755648245,0.34410844629822734,53.687635574837316
episode_088,high_rate_observer_log,3429,1.7524121623976783,0.8861441583297164,-0.8662680040679619,-49.43289156831234,1.854282442226442,0.980508966496176,-0.8737734757302659,-47.12191928437416,2.7910915819618176,1.681113280981757,-1.1099783009800606,-39.76860910453798,3.173565503673787,2.3499469023852972,-0.8236186012884898,-25.952468929191834,3.3545839210228054,3.549029590947047,0.1944456699242414,5.796416917927495,0.11344415281423155,0.6932050160396617,0.5797608632254301,511.05398457583544,0.6488772236803733,0.9772528433945756,0.32837561971420237,50.6067415730337
episode_089,high_rate_observer_log,3394,1.6950117432221208,0.9160937035781884,-0.7789180396439324,-45.953548272370874,1.868136529348784,1.0389608240866925,-0.8291757052620914,-44.38517700583344,3.2919670308088116,1.832198197136142,-1.4597688336726695,-44.34336127947233,3.447942242009469,2.845687039969754,-0.6022552020397152,-17.467090796994306,3.89653323749767,3.4326585489453296,-0.4638746885523406,-11.904805124933006,0.218326458456099,0.6635238656452563,0.44519740718915735,203.9136302294197,0.6853270477312905,0.9611078373600471,0.27578078962875663,40.24075666380052
episode_090,high_rate_observer_log,3435,1.805466740730499,0.8251945064044505,-0.9802722343260485,-54.29467141163877,1.9445111765767968,0.9276668960964035,-1.0168442804803934,-52.29305404510407,2.8764848925273436,1.629007077859476,-1.2474778146678676,-43.36813372142573,3.2131086262420134,2.0859250503379734,-1.12718357590404,-35.080780235630286,3.475440206804886,3.779742234691805,0.30430202788691885,8.755783721759844,0.15458515283842794,0.7234352256186317,0.5688500727802037,367.984934086629,0.5787481804949054,0.9848617176128093,0.4061135371179039,70.17102615694164
episode_091,high_rate_observer_log,3316,1.7949515648510062,0.9030578692797061,-0.8918936955713,-49.68901183945505,1.9022234091135188,0.998895961691355,-0.9033274474221639,-47.48797870399124,2.8068640418606816,1.7090271463884157,-1.097836895472266,-39.112578275950455,3.1232174290043413,2.1744671315510162,-0.9487502974533251,-30.37733744191418,3.6142371458522478,2.872896696456841,-0.7413404493954068,-20.511671466997676,0.07961399276236429,0.6547044632086851,0.5750904704463209,722.3484848484849,0.6456574185765983,0.9810012062726177,0.33534378769601936,51.938346567024766
episode_092,high_rate_observer_log,3626,1.9821359082358923,0.9197076878545113,-1.0624282203813809,-53.600170198568556,2.103334215678207,1.0432133871052076,-1.0601208285729995,-50.401919993070145,3.0924175188915553,1.7814026835634844,-1.3110148353280708,-42.394496452018245,3.211188182468142,2.7584883175045616,-0.4526998649635803,-14.097581307602844,3.313952023976656,3.9160778792139226,0.6021258552372668,18.169419800915872,0.09073359073359073,0.6555432984004412,0.5648097076668505,622.4924012158054,0.45228902371759516,0.9655267512410369,0.5132377275234418,113.47560975609754
episode_093,high_rate_observer_log,3804,1.6834327022651916,0.9029289644322482,-0.7805037378329434,-46.36382177812715,1.794426773871691,1.0068322846493074,-0.7875944892223836,-43.891146782381874,2.777546077564175,1.715817394454185,-1.0617286831099901,-38.22542105371999,2.966852988802267,2.3007601721575757,-0.6660928166446913,-22.451156803478703,3.1732869537032165,3.475812979010167,0.3025260253069506,9.533522486956423,0.13590956887486855,0.6569400630914827,0.5210304942166142,383.36557059961325,0.703732912723449,0.9766035751840169,0.2728706624605679,38.774747852073226
episode_094,high_rate_observer_log,3737,1.9005701905743382,1.1252685513421752,-0.775301639232163,-40.7931074094071,2.011983217869768,1.3427505581404353,-0.6692326597293325,-33.262338064524094,2.8947214272584714,2.7908172063122425,-0.10390422094622886,-3.5894376559969823,3.1083593231702835,3.78836236230031,0.6800030391300265,21.87659045919043,3.4571325916373685,4.715521995340234,1.2583894037028656,36.39980157969199,0.12229060743912229,0.5643564356435643,0.442065828204442,361.48796498905904,0.5161894567835162,0.8964409954508964,0.38025153866738015,73.66511145671329
episode_095,high_rate_observer_log,3297,1.7267380227910296,0.9428743400041806,-0.783863682786849,-45.395634568806415,1.8389676468845253,1.0672570147398444,-0.7717106321446809,-41.96433979967344,2.9658190424168125,1.8425218557433236,-1.1232971866734889,-37.87477154230309,3.357294674911128,2.5927125264978006,-0.7645821484133273,-22.773757517533575,3.733110582669109,5.814386580389047,2.081275997719938,55.75179067510671,0.11525629360024264,0.6393691234455565,0.5241128298453139,454.7368421052632,0.7024567788898999,0.9654231119199272,0.26296633303002737,37.43523316062177
episode_096,high_rate_observer_log,3352,1.9650208286401942,0.8565622457273958,-1.1084585829127984,-56.40950807019476,2.068315150218324,0.9988943238259704,-1.0694208263923537,-51.70492641217995,2.947607052781885,1.8778545231777117,-1.0697525296041734,-36.29223673469519,3.620595008333629,2.5138411655196533,-1.1067538428139758,-30.568286159223227,3.8632070628924984,3.4828378684867705,-0.3803691944057279,-9.84594375122451,0.057577565632458236,0.6870525059665871,0.6294749403341289,1093.2642487046633,0.5319212410501193,0.9609188544152745,0.4289976133651552,80.65058889512059
episode_097,joint_30hz_interpolated,3228,1.594218917957699,0.8411072960205974,-0.7531116219371017,-47.24016340879257,1.760864436770664,0.9569373197839683,-0.8039271169866957,-45.65525319263402,3.1776372086061517,1.7683495339041033,-1.4092876747020484,-44.3501753719778,3.466991071888799,2.297622212854746,-1.1693688590340532,-33.72863773765033,3.5204916742664154,3.344868890190926,-0.1756227840754896,-4.988586831755115,0.24876084262701362,0.7211895910780669,0.4724287484510533,189.9128268991283,0.743184634448575,0.9724287484510533,0.22924411400247835,30.84618591079617
episode_098,joint_30hz_interpolated,3275,1.6395992369767851,0.8280065335778395,-0.8115927033989456,-49.49945603142756,1.7710528482358652,0.9477062049577216,-0.8233466432781436,-46.489106414767576,3.0645940877797204,1.7449656814911356,-1.3196284062885848,-43.06046309854521,3.1751579504432526,2.283387431256833,-0.8917705191864194,-28.085863226486985,3.257920580072378,4.01360508192244,0.7556845018500615,23.195301520618198,0.17282442748091603,0.7151145038167939,0.5422900763358778,313.78091872791515,0.7505343511450382,0.9749618320610687,0.2244274809160305,29.90235964198535
episode_099,joint_30hz_interpolated,3087,1.6982931093098406,0.8905928409213892,-0.8077002683884513,-47.559532801536704,1.835588955451439,0.9685228273977154,-0.8670661280537236,-47.23639927548376,2.9208388884197825,1.6034855136547563,-1.3173533747650261,-45.10188425619511,3.308365274490572,1.9443945690551703,-1.3639707054354016,-41.22793561981841,3.8295047309139996,2.5452885582889118,-1.2842161726250878,-33.534784857638236,0.16358924522189827,0.6656948493683188,0.5021056041464205,306.9306930693069,0.6805960479429867,0.9915775834143181,0.31098153547133145,45.69252736792005
episode_100,high_rate_observer_log,3161,1.6414282714351258,0.8188806231256079,-0.8225476483095179,-50.11170226709644,1.7480013091954636,0.9181717233833933,-0.8298295858120703,-47.47305287740364,2.620112057881755,1.6005004447682225,-1.0196116131135327,-38.91480938940618,3.1176718133233425,2.09309329527573,-1.0245785180476124,-32.86357831729065,3.5604744103660235,3.695614407903824,0.13513999753780048,3.795561544954562,0.14552356849098386,0.7235052198671307,0.5779816513761469,397.17391304347836,0.6542233470420753,0.9879784878203101,0.33375514077823476,51.015473887814316
episode_101,high_rate_observer_log,2774,2.3204308283081887,1.2289503099974786,-1.0914805183107101,-47.03783905105681,2.418337459982466,1.324877506904927,-1.093459953077539,-45.215358533356515,3.3772476057420153,2.169243433693283,-1.2080041720487324,-35.76889565322001,3.6070526982493427,2.7645756184760772,-0.8424770797732655,-23.356384013523165,3.9088676819409036,4.0297440826177775,0.12087640067687389,3.092363582306119,0.03172314347512617,0.3767123287671233,0.3449891852919971,1087.5,0.31290555155010813,0.9196106705118962,0.606705118961788,193.89400921658986
